{"last_tab":"18","ex_themes_extractor_apk_status_post_":"publish","ex_themes_extractor_apk_language_":"en-US","ex_themes_extractor_apk_title_":"title","ex_themes_extractor_apk_permalink_":"title","ex_themes_title_appname":"1","duplicate_post":"1","header_styles":"1","menus_footer_baru":"<li><a href='https:\/\/moddroid-reborn.demos.web.id\/#yourlinks' itemprop='url'> <span> Sitemap <\/span> <\/a><\/li>\r\n\t\t\t\r\n<li><a href='https:\/\/moddroid-reborn.demos.web.id\/#yourlinks' itemprop='url'> <span> Disclaimer <\/span><\/a><\/li>\r\n\r\n<li><a href='https:\/\/moddroid-reborn.demos.web.id\/#yourlinks' itemprop='url'> <span> Privacy <\/span><\/a><\/li>\r\n\t\t\t","menus_sosmed_baru":"<li><a href='#yourlink' itemprop='url'><span class='a tIc bIc'><svg viewBox='0 0 32 32'><path d='M24,3H8A5,5,0,0,0,3,8V24a5,5,0,0,0,5,5H24a5,5,0,0,0,5-5V8A5,5,0,0,0,24,3Zm3,21a3,3,0,0,1-3,3H17V18h4a1,1,0,0,0,0-2H17V14a2,2,0,0,1,2-2h2a1,1,0,0,0,0-2H19a4,4,0,0,0-4,4v2H12a1,1,0,0,0,0,2h3v9H8a3,3,0,0,1-3-3V8A3,3,0,0,1,8,5H24a3,3,0,0,1,3,3Z'><\/path><\/svg><\/span><\/a><\/li>\r\n\r\n<li><a href='#yourlink' itemprop='url'><span class='a tIc bIc'><svg viewBox='0 0 32 32'><path d='M22,3H10a7,7,0,0,0-7,7V22a7,7,0,0,0,7,7H22a7,7,0,0,0,7-7V10A7,7,0,0,0,22,3Zm5,19a5,5,0,0,1-5,5H10a5,5,0,0,1-5-5V10a5,5,0,0,1,5-5H22a5,5,0,0,1,5,5Z'><\/path><path d='M16,9.5A6.5,6.5,0,1,0,22.5,16,6.51,6.51,0,0,0,16,9.5Zm0,11A4.5,4.5,0,1,1,20.5,16,4.51,4.51,0,0,1,16,20.5Z'><\/path><circle cx='23' cy='9' r='1'><\/circle><\/svg><\/span><\/a><\/li>\r\n\r\n<li><a href='#yourlink' itemprop='url'><span class='a tIc bIc'><svg viewBox='0 0 32 32'><path d='M13.35,28A13.66,13.66,0,0,1,2.18,22.16a1,1,0,0,1,.69-1.56l2.84-.39A12,12,0,0,1,5.44,4.35a1,1,0,0,1,1.7.31,9.87,9.87,0,0,0,5.33,5.68,7.39,7.39,0,0,1,7.24-6.15,7.29,7.29,0,0,1,5.88,3H29a1,1,0,0,1,.9.56,1,1,0,0,1-.11,1.06L27,12.27c0,.14,0,.28-.05.41a12.46,12.46,0,0,1,.09,1.43A13.82,13.82,0,0,1,13.35,28ZM4.9,22.34A11.63,11.63,0,0,0,13.35,26,11.82,11.82,0,0,0,25.07,14.11,11.42,11.42,0,0,0,25,12.77a1.11,1.11,0,0,1,0-.26c0-.22.05-.43.06-.65a1,1,0,0,1,.22-.58l1.67-2.11H25.06a1,1,0,0,1-.85-.47,5.3,5.3,0,0,0-4.5-2.51,5.41,5.41,0,0,0-5.36,5.45,1.07,1.07,0,0,1-.4.83,1,1,0,0,1-.87.2A11.83,11.83,0,0,1,6,7,10,10,0,0,0,8.57,20.12a1,1,0,0,1,.37,1.05,1,1,0,0,1-.83.74Z'><\/path><\/svg><\/span><\/a><\/li>\r\n\r\n<li><a href='#yourlink' itemprop='url'><span class='a tIc bIc'><svg viewBox='0 0 32 32'><path d='M24,3H8A5,5,0,0,0,3,8V24a5,5,0,0,0,5,5H24a5,5,0,0,0,5-5V8A5,5,0,0,0,24,3Zm3,21a3,3,0,0,1-3,3H8a3,3,0,0,1-3-3V8A3,3,0,0,1,8,5H24a3,3,0,0,1,3,3Z'><\/path><path d='M22,12a3,3,0,0,1-3-3,1,1,0,0,0-2,0V19a3,3,0,1,1-3-3,1,1,0,0,0,0-2,5,5,0,1,0,5,5V13a4.92,4.92,0,0,0,3,1,1,1,0,0,0,0-2Z'><\/path><\/svg><\/span><\/a><\/li>\r\n\r\n<li><a href='#yourlink' itemprop='url'><span class='a tIc bIc'><svg viewBox='0 0 32 32'><path d='M16,2A13,13,0,0,0,8,25.23V29a1,1,0,0,0,.51.87A1,1,0,0,0,9,30a1,1,0,0,0,.51-.14l3.65-2.19A12.64,12.64,0,0,0,16,28,13,13,0,0,0,16,2Zm0,24a11.13,11.13,0,0,1-2.76-.36,1,1,0,0,0-.76.11L10,27.23v-2.5a1,1,0,0,0-.42-.81A11,11,0,1,1,16,26Z'><\/path><path d='M19.86,15.18a1.9,1.9,0,0,0-2.64,0l-.09.09-1.4-1.4.09-.09a1.86,1.86,0,0,0,0-2.64L14.23,9.55a1.9,1.9,0,0,0-2.64,0l-.8.79a3.56,3.56,0,0,0-.5,3.76,10.64,10.64,0,0,0,2.62,4A8.7,8.7,0,0,0,18.56,21a2.92,2.92,0,0,0,2.1-.79l.79-.8a1.86,1.86,0,0,0,0-2.64Zm-.62,3.61c-.57.58-2.78,0-4.92-2.11a8.88,8.88,0,0,1-2.13-3.21c-.26-.79-.25-1.44,0-1.71l.7-.7,1.4,1.4-.7.7a1,1,0,0,0,0,1.41l2.82,2.82a1,1,0,0,0,1.41,0l.7-.7,1.4,1.4Z'><\/path><\/svg><\/span><\/a><\/li>\r\n\r\n<li><a href='#yourlink' itemprop='url'><span class='a tIc bIc'><svg viewBox='0 0 32 32'><path d='M24,28a1,1,0,0,1-.62-.22l-6.54-5.23a1.83,1.83,0,0,1-.13.16l-4,4a1,1,0,0,1-1.65-.36L8.2,18.72,2.55,15.89a1,1,0,0,1,.09-1.82l26-10a1,1,0,0,1,1,.17,1,1,0,0,1,.33,1l-5,22a1,1,0,0,1-.65.72A1,1,0,0,1,24,28Zm-8.43-9,7.81,6.25L27.61,6.61,5.47,15.12l4,2a1,1,0,0,1,.49.54l2.45,6.54,2.89-2.88-1.9-1.53A1,1,0,0,1,13,19a1,1,0,0,1,.35-.78l7-6a1,1,0,1,1,1.3,1.52Z'><\/path><\/svg><\/span><\/a><\/li> \r\n\t\t\t","ex_themes_header_logo_text_activate_":"0","ex_themes_header_logo_texts_":"Moddroid ","ex_themes_header_logo_banner_activate_":"0","ex_themes_header_logo_banner_":{"url":"https:\/\/moddroid-reborn.demos.web.id\/wp-content\/themes\/moddroid\/assets\/img\/logo.png","id":"","height":"","width":"","thumbnail":""},"ex_themes_header_favicon_activate_":"0","ex_themes_header_favicons_":{"url":"https:\/\/moddroid-reborn.demos.web.id\/wp-content\/themes\/moddroid\/assets\/img\/icons.png","id":"","height":"","width":"","thumbnail":""},"ex_themes_defaults_no_images_":{"url":"https:\/\/moddroid-reborn.demos.web.id\/wp-content\/themes\/moddroid\/assets\/img\/lazy.png","id":"","height":"","width":"","thumbnail":""},"login_activated":"0","ex_themes_footers_activate_":"0","ex_themes_footers_code_":"","ex_themes_footers_copyrights_active_":"1","ex_themes_footers_copyrights_code_":"<span class=\"credit\"> \u00a9 <span id=\"getYear\"><script type=\"text\/javascript\">var creditsyear = new Date();document.write(creditsyear.getFullYear());<\/script><\/span> - <bdi><a href=\"https:\/\/moddroid-reborn.demos.web.id\">Moddroid.7.8 Reborn Premium Themes<\/a> <\/bdi>. All rights reserved. <\/span>\r\n ","ex_themes_footers_abouts":"<div class=\"widget-content abtU\" data-text=\"Made with Love by\">\r\n<div class=\"abtT\">\r\n<h2 class=\"tl\">moddroid-reborn.demos.web.id<\/h2>\r\n<!--[ Delete comment tag on section bellow and change data-src=\"#\" attribute with your logo url ]-->\r\n<!-- <img class=\"lazy\" alt=\"moddroid-reborn.demos.web.id\" data-src=\"#\" src=\"data:image\/png;base64,R0lGODlhAQABAAD\/ACwAAAAAAQABAAACADs=\"\/> -->\r\n\r\n<\/div>\r\n<p class=\"abtD\">moddroid-reborn.demos.web.id is a completed free website to share games and premium app mod at high quality<\/p>\r\n\r\n<\/div>","font_body":"\"segoe ui\", Verdana, Arial, Helvetica, sans-serif","font_body_url":"<link href=\"https:\/\/fonts.cdnfonts.com\/css\/segoe-ui-4\" rel=\"stylesheet\">","svg_icon_modx":"<svg class=\"svg-99 mr-1\" fill=\"var(--color_svg)\" xmlns=\"http:\/\/www.w3.org\/2000\/svg\" viewBox=\"0 0 512 512\"><path d=\"M8 256C8 119 119 8 256 8s248 111 248 248-111 248-248 248S8 393 8 256zm292 116V256h70.9c10.7 0 16.1-13 8.5-20.5L264.5 121.2c-4.7-4.7-12.2-4.7-16.9 0l-115 114.3c-7.6 7.6-2.2 20.5 8.5 20.5H212v116c0 6.6 5.4 12 12 12h64c6.6 0 12-5.4 12-12z\"><\/path><\/svg>","svg_icon_downloadx":"<svg class=\"svg-5 mr-1\" xmlns=\"http:\/\/www.w3.org\/2000\/svg\" viewBox=\"0 0 576 512\"><path d=\"M528 288h-92.1l46.1-46.1c30.1-30.1 8.8-81.9-33.9-81.9h-64V48c0-26.5-21.5-48-48-48h-96c-26.5 0-48 21.5-48 48v112h-64c-42.6 0-64.2 51.7-33.9 81.9l46.1 46.1H48c-26.5 0-48 21.5-48 48v128c0 26.5 21.5 48 48 48h480c26.5 0 48-21.5 48-48V336c0-26.5-21.5-48-48-48zm-400-80h112V48h96v160h112L288 368 128 208zm400 256H48V336h140.1l65.9 65.9c18.8 18.8 49.1 18.7 67.9 0l65.9-65.9H528v128zm-88-64c0-13.3 10.7-24 24-24s24 10.7 24 24-10.7 24-24 24-24-10.7-24-24z\"><\/path><\/svg>","color_logo_header":"#212529","color_header_link":"#000000","color_background_hd":"#FFFFFF","color_link_footers":"#FFFFFF","color_background_ft":"#000000","color_texts":"#000000","color_link":"#1E73BE","color_background_body":"#FFFFFF","color_button":"#1E73BE","color_svg":"#1E73BE","color_border":"#1E73BE","color_nav":"#2F00A8","color_rate":"#E7711B","color_rgb":"#EFEFF4","enable_latest_post":"1","enable_categorie":"1","ex_themes_style_2_activate_":"0","ex_themes_backgrounds_activate_":"1","ex_themes_breadcrumbs_activate_":"1","aktif_related_post":"1","limited_related_posts":"3","title_related_post_1":"Recommended for You","title_related_post_2":"You may also like ","title_related_post_3":"More from ","enable_gallery_top":"1","title_gallery_top":"Preview","aktif_ex_themes_gallery_images_gpstore_":"0","title_gallery_bottom":"Preview","ex_themes_rating_apk_activate_":"1","ex_themes_youtube_content_activate_":"0","ex_themes_youtube_content_paragraph_on_":"2","ex_themes_comments_activate_":"0","enable_tags":"0","enable_social_share":"1","popup_next_post":"0","text_next_post":"Next Post","latest_versions":"0","text_latest_versions":"All Versions","report_activated":"1","text_report_post":"Report","text_report_post_2":"Report Apps","limit_categorie":"12","popular_ranges":"alltime","aktif_categorie_apps":"0","categorie_tops_apps":"","aktif_categorie_games":"0","categorie_tops_games":"","sidebar_activated_":"0","aktif_categorie_sidebar_1":"0","categorie_sidebar_1":"<section class=\"mb-2\">\r\n\t\t\t\t\t<h4 class=\"h5 font-weight-semibold mb-3\">\r\n\t\t\t\t\t\t<a class=\"text-body border-bottom-2 border-secondary d-inline-block pb-1\" href=\"#put_your_links_here\">\r\n\t\t\t\t\t\t\tGames\r\n\t\t\t\t\t\t<\/a>\r\n\t\t\t\t\t<\/h4>\r\n\t\t\t\t\t<div class=\"row\">\r\n\t\t\t\t\t\t<div class=\"col-6 mb-3\">\r\n\t\t\t\t\t\t\t<a class=\"d-flex align-items-center position-relative aside-cat\" href=\"#put_your_links_here\" title=\"Action\">\r\n\t\t\t\t\t\t\t\t<img class=\"rounded-circle flex-shrink-0 mr-2\" style=\"font-size: 0; width: 2rem; height: 2rem;\" loading=\"lazy\" src=\"https:\/\/moddroid-reborn.demos.web.id\/wp-content\/themes\/moddroid\/assets\/img\/icon\/fps-150x150.png\" alt=\"Action\">\r\n\t\t\t\t\t\t\t\t<span class=\"text-truncate text-body\" style=\"min-width: 0;\">\r\n\t\t\t\t\t\t\t\t\tAction\r\n\t\t\t\t\t\t\t\t<\/span>\r\n\t\t\t\t\t\t\t<\/a>\r\n\t\t\t\t\t\t<\/div>\r\n\t\t\t\t\t\t<div class=\"col-6 mb-3\">\r\n\t\t\t\t\t\t\t<a class=\"d-flex align-items-center position-relative aside-cat\" href=\"#put_your_links_here\" title=\"Adventure\">\r\n\t\t\t\t\t\t\t\t<img class=\"rounded-circle flex-shrink-0 mr-2\" style=\"font-size: 0; width: 2rem; height: 2rem;\" loading=\"lazy\" src=\"https:\/\/moddroid-reborn.demos.web.id\/wp-content\/themes\/moddroid\/assets\/img\/icon\/traveler-150x150.png\" alt=\"Adventure\">\r\n\t\t\t\t\t\t\t\t<span class=\"text-truncate text-body\" style=\"min-width: 0;\">\r\n\t\t\t\t\t\t\t\t\tAdventure\r\n\t\t\t\t\t\t\t\t<\/span>\r\n\t\t\t\t\t\t\t<\/a>\r\n\t\t\t\t\t\t<\/div>\r\n\t\t\t\t\t\t<div class=\"col-6 mb-3\">\r\n\t\t\t\t\t\t\t<a class=\"d-flex align-items-center position-relative aside-cat\" href=\"#put_your_links_here\" title=\"Arcade\">\r\n\t\t\t\t\t\t\t\t<img class=\"rounded-circle flex-shrink-0 mr-2\" style=\"font-size: 0; width: 2rem; height: 2rem;\" loading=\"lazy\" src=\"https:\/\/moddroid-reborn.demos.web.id\/wp-content\/themes\/moddroid\/assets\/img\/icon\/arcade-150x150.png\" alt=\"Arcade\">\r\n\t\t\t\t\t\t\t\t<span class=\"text-truncate text-body\" style=\"min-width: 0;\">\r\n\t\t\t\t\t\t\t\t\tArcade\r\n\t\t\t\t\t\t\t\t<\/span>\r\n\t\t\t\t\t\t\t<\/a>\r\n\t\t\t\t\t\t<\/div>\r\n\t\t\t\t\t\t<div class=\"col-6 mb-3\">\r\n\t\t\t\t\t\t\t<a class=\"d-flex align-items-center position-relative aside-cat\" href=\"#put_your_links_here\" title=\"Board\">\r\n\t\t\t\t\t\t\t\t<img class=\"rounded-circle flex-shrink-0 mr-2\" style=\"font-size: 0; width: 2rem; height: 2rem;\" loading=\"lazy\" src=\"https:\/\/moddroid-reborn.demos.web.id\/wp-content\/themes\/moddroid\/assets\/img\/icon\/board-game-150x150.png\" alt=\"Board\">\r\n\t\t\t\t\t\t\t\t<span class=\"text-truncate text-body\" style=\"min-width: 0;\">\r\n\t\t\t\t\t\t\t\t\tBoard\r\n\t\t\t\t\t\t\t\t<\/span>\r\n\t\t\t\t\t\t\t<\/a>\r\n\t\t\t\t\t\t<\/div>\r\n\t\t\t\t\t\t<div class=\"col-6 mb-3\">\r\n\t\t\t\t\t\t\t<a class=\"d-flex align-items-center position-relative aside-cat\" href=\"#put_your_links_here\" title=\"Card\">\r\n\t\t\t\t\t\t\t\t<img class=\"rounded-circle flex-shrink-0 mr-2\" style=\"font-size: 0; width: 2rem; height: 2rem;\" loading=\"lazy\" src=\"https:\/\/moddroid-reborn.demos.web.id\/wp-content\/themes\/moddroid\/assets\/img\/icon\/poker-cards-150x150.png\" alt=\"Card\">\r\n\t\t\t\t\t\t\t\t<span class=\"text-truncate text-body\" style=\"min-width: 0;\">\r\n\t\t\t\t\t\t\t\t\tCard\r\n\t\t\t\t\t\t\t\t<\/span>\r\n\t\t\t\t\t\t\t<\/a>\r\n\t\t\t\t\t\t<\/div>\r\n\t\t\t\t\t\t<div class=\"col-6 mb-3\">\r\n\t\t\t\t\t\t\t<a class=\"d-flex align-items-center position-relative aside-cat\" href=\"#put_your_links_here\" title=\"Casual\">\r\n\t\t\t\t\t\t\t\t<img class=\"rounded-circle flex-shrink-0 mr-2\" style=\"font-size: 0; width: 2rem; height: 2rem;\" loading=\"lazy\" src=\"https:\/\/moddroid-reborn.demos.web.id\/wp-content\/themes\/moddroid\/assets\/img\/icon\/ghost-150x150.png\" alt=\"Casual\">\r\n\t\t\t\t\t\t\t\t<span class=\"text-truncate text-body\" style=\"min-width: 0;\">\r\n\t\t\t\t\t\t\t\t\tCasual\r\n\t\t\t\t\t\t\t\t<\/span>\r\n\t\t\t\t\t\t\t<\/a>\r\n\t\t\t\t\t\t<\/div>\r\n\t\t\t\t\t\t<div class=\"col-6 mb-3\">\r\n\t\t\t\t\t\t\t<a class=\"d-flex align-items-center position-relative aside-cat\" href=\"#put_your_links_here\" title=\"Fighting\">\r\n\t\t\t\t\t\t\t\t<img class=\"rounded-circle flex-shrink-0 mr-2\" style=\"font-size: 0; width: 2rem; height: 2rem;\" loading=\"lazy\" src=\"https:\/\/moddroid-reborn.demos.web.id\/wp-content\/themes\/moddroid\/assets\/img\/icon\/swords-150x150.png\" alt=\"Fighting\">\r\n\t\t\t\t\t\t\t\t<span class=\"text-truncate text-body\" style=\"min-width: 0;\">\r\n\t\t\t\t\t\t\t\t\tFighting\r\n\t\t\t\t\t\t\t\t<\/span>\r\n\t\t\t\t\t\t\t<\/a>\r\n\t\t\t\t\t\t<\/div>\r\n\t\t\t\t\t\t<div class=\"col-6 mb-3\">\r\n\t\t\t\t\t\t\t<a class=\"d-flex align-items-center position-relative aside-cat\" href=\"#put_your_links_here\" title=\"Gambling\">\r\n\t\t\t\t\t\t\t\t<img class=\"rounded-circle flex-shrink-0 mr-2\" style=\"font-size: 0; width: 2rem; height: 2rem;\" loading=\"lazy\" src=\"https:\/\/moddroid-reborn.demos.web.id\/wp-content\/themes\/moddroid\/assets\/img\/icon\/slot-machine-150x150.png\" alt=\"Gambling\">\r\n\t\t\t\t\t\t\t\t<span class=\"text-truncate text-body\" style=\"min-width: 0;\">\r\n\t\t\t\t\t\t\t\t\tGambling\r\n\t\t\t\t\t\t\t\t<\/span>\r\n\t\t\t\t\t\t\t<\/a>\r\n\t\t\t\t\t\t<\/div>\r\n\t\t\t\t\t\t<div class=\"col-6 mb-3\">\r\n\t\t\t\t\t\t\t<a class=\"d-flex align-items-center position-relative aside-cat\" href=\"#put_your_links_here\" title=\"Logic\">\r\n\t\t\t\t\t\t\t\t<img class=\"rounded-circle flex-shrink-0 mr-2\" style=\"font-size: 0; width: 2rem; height: 2rem;\" loading=\"lazy\" src=\"https:\/\/moddroid-reborn.demos.web.id\/wp-content\/themes\/moddroid\/assets\/img\/icon\/logical-thinking-150x150.png\" alt=\"Logic\">\r\n\t\t\t\t\t\t\t\t<span class=\"text-truncate text-body\" style=\"min-width: 0;\">\r\n\t\t\t\t\t\t\t\t\tLogic\r\n\t\t\t\t\t\t\t\t<\/span>\r\n\t\t\t\t\t\t\t<\/a>\r\n\t\t\t\t\t\t<\/div>\r\n\t\t\t\t\t\t<div class=\"col-6 mb-3\">\r\n\t\t\t\t\t\t\t<a class=\"d-flex align-items-center position-relative aside-cat\" href=\"#put_your_links_here\" title=\"MOBA\">\r\n\t\t\t\t\t\t\t\t<img class=\"rounded-circle flex-shrink-0 mr-2\" style=\"font-size: 0; width: 2rem; height: 2rem;\" loading=\"lazy\" src=\"https:\/\/moddroid-reborn.demos.web.id\/wp-content\/themes\/moddroid\/assets\/img\/icon\/moba-150x150.png\" alt=\"MOBA\">\r\n\t\t\t\t\t\t\t\t<span class=\"text-truncate text-body\" style=\"min-width: 0;\">\r\n\t\t\t\t\t\t\t\t\tMOBA\r\n\t\t\t\t\t\t\t\t<\/span>\r\n\t\t\t\t\t\t\t<\/a>\r\n\t\t\t\t\t\t<\/div>\r\n\t\t\t\t\t\t<div class=\"col-6 mb-3\">\r\n\t\t\t\t\t\t\t<a class=\"d-flex align-items-center position-relative aside-cat\" href=\"#put_your_links_here\" title=\"Music\">\r\n\t\t\t\t\t\t\t\t<img class=\"rounded-circle flex-shrink-0 mr-2\" style=\"font-size: 0; width: 2rem; height: 2rem;\" loading=\"lazy\" src=\"https:\/\/moddroid-reborn.demos.web.id\/wp-content\/themes\/moddroid\/assets\/img\/icon\/music-note-150x150.png\" alt=\"Music\">\r\n\t\t\t\t\t\t\t\t<span class=\"text-truncate text-body\" style=\"min-width: 0;\">\r\n\t\t\t\t\t\t\t\t\tMusic\r\n\t\t\t\t\t\t\t\t<\/span>\r\n\t\t\t\t\t\t\t<\/a>\r\n\t\t\t\t\t\t<\/div>\r\n\t\t\t\t\t\t<div class=\"col-6 mb-3\">\r\n\t\t\t\t\t\t\t<a class=\"d-flex align-items-center position-relative aside-cat\" href=\"#put_your_links_here\" title=\"Puzzle\">\r\n\t\t\t\t\t\t\t\t<img class=\"rounded-circle flex-shrink-0 mr-2\" style=\"font-size: 0; width: 2rem; height: 2rem;\" loading=\"lazy\" src=\"https:\/\/moddroid-reborn.demos.web.id\/wp-content\/themes\/moddroid\/assets\/img\/icon\/puzzle-150x150.png\" alt=\"Puzzle\">\r\n\t\t\t\t\t\t\t\t<span class=\"text-truncate text-body\" style=\"min-width: 0;\">\r\n\t\t\t\t\t\t\t\t\tPuzzle\r\n\t\t\t\t\t\t\t\t<\/span>\r\n\t\t\t\t\t\t\t<\/a>\r\n\t\t\t\t\t\t<\/div>\r\n\t\t\t\t\t\t<div class=\"col-6 mb-3\">\r\n\t\t\t\t\t\t\t<a class=\"d-flex align-items-center position-relative aside-cat\" href=\"#put_your_links_here\" title=\"Racing\">\r\n\t\t\t\t\t\t\t\t<img class=\"rounded-circle flex-shrink-0 mr-2\" style=\"font-size: 0; width: 2rem; height: 2rem;\" loading=\"lazy\" src=\"https:\/\/moddroid-reborn.demos.web.id\/wp-content\/themes\/moddroid\/assets\/img\/icon\/racing-car-150x150.png\" alt=\"Racing\">\r\n\t\t\t\t\t\t\t\t<span class=\"text-truncate text-body\" style=\"min-width: 0;\">\r\n\t\t\t\t\t\t\t\t\tRacing\r\n\t\t\t\t\t\t\t\t<\/span>\r\n\t\t\t\t\t\t\t<\/a>\r\n\t\t\t\t\t\t<\/div>\r\n\t\t\t\t\t\t<div class=\"col-6 mb-3\">\r\n\t\t\t\t\t\t\t<a class=\"d-flex align-items-center position-relative aside-cat\" href=\"#put_your_links_here\" title=\"Role Playing\">\r\n\t\t\t\t\t\t\t\t<img class=\"rounded-circle flex-shrink-0 mr-2\" style=\"font-size: 0; width: 2rem; height: 2rem;\" loading=\"lazy\" src=\"https:\/\/moddroid-reborn.demos.web.id\/wp-content\/themes\/moddroid\/assets\/img\/icon\/role-playing-game-150x150.png\" alt=\"Role Playing\">\r\n\t\t\t\t\t\t\t\t<span class=\"text-truncate text-body\" style=\"min-width: 0;\">\r\n\t\t\t\t\t\t\t\t\tRole Playing\r\n\t\t\t\t\t\t\t\t<\/span>\r\n\t\t\t\t\t\t\t<\/a>\r\n\t\t\t\t\t\t<\/div>\r\n\t\t\t\t\t\t<div class=\"col-6 mb-3\">\r\n\t\t\t\t\t\t\t<a class=\"d-flex align-items-center position-relative aside-cat\" href=\"#put_your_links_here\" title=\"RPG\">\r\n\t\t\t\t\t\t\t\t<img class=\"rounded-circle flex-shrink-0 mr-2\" style=\"font-size: 0; width: 2rem; height: 2rem;\" loading=\"lazy\" src=\"https:\/\/moddroid-reborn.demos.web.id\/wp-content\/themes\/moddroid\/assets\/img\/icon\/swords-150x150.png\" alt=\"RPG\">\r\n\t\t\t\t\t\t\t\t<span class=\"text-truncate text-body\" style=\"min-width: 0;\">\r\n\t\t\t\t\t\t\t\t\tRPG\r\n\t\t\t\t\t\t\t\t<\/span>\r\n\t\t\t\t\t\t\t<\/a>\r\n\t\t\t\t\t\t<\/div>\r\n\t\t\t\t\t\t<div class=\"col-6 mb-3\">\r\n\t\t\t\t\t\t\t<a class=\"d-flex align-items-center position-relative aside-cat\" href=\"#put_your_links_here\" title=\"Simulation\">\r\n\t\t\t\t\t\t\t\t<img class=\"rounded-circle flex-shrink-0 mr-2\" style=\"font-size: 0; width: 2rem; height: 2rem;\" loading=\"lazy\" src=\"https:\/\/moddroid-reborn.demos.web.id\/wp-content\/themes\/moddroid\/assets\/img\/icon\/interactive-150x150.png\" alt=\"Simulation\">\r\n\t\t\t\t\t\t\t\t<span class=\"text-truncate text-body\" style=\"min-width: 0;\">\r\n\t\t\t\t\t\t\t\t\tSimulation\r\n\t\t\t\t\t\t\t\t<\/span>\r\n\t\t\t\t\t\t\t<\/a>\r\n\t\t\t\t\t\t<\/div>\r\n\t\t\t\t\t\t<div class=\"col-6 mb-3\">\r\n\t\t\t\t\t\t\t<a class=\"d-flex align-items-center position-relative aside-cat\" href=\"#put_your_links_here\" title=\"Sports\">\r\n\t\t\t\t\t\t\t\t<img class=\"rounded-circle flex-shrink-0 mr-2\" style=\"font-size: 0; width: 2rem; height: 2rem;\" loading=\"lazy\" src=\"https:\/\/moddroid-reborn.demos.web.id\/wp-content\/themes\/moddroid\/assets\/img\/icon\/basketball-150x150.png\" alt=\"Sports\">\r\n\t\t\t\t\t\t\t\t<span class=\"text-truncate text-body\" style=\"min-width: 0;\">\r\n\t\t\t\t\t\t\t\t\tSports\r\n\t\t\t\t\t\t\t\t<\/span>\r\n\t\t\t\t\t\t\t<\/a>\r\n\t\t\t\t\t\t<\/div>\r\n\t\t\t\t\t\t<div class=\"col-6 mb-3\">\r\n\t\t\t\t\t\t\t<a class=\"d-flex align-items-center position-relative aside-cat\" href=\"#put_your_links_here\" title=\"Strategy\">\r\n\t\t\t\t\t\t\t\t<img class=\"rounded-circle flex-shrink-0 mr-2\" style=\"font-size: 0; width: 2rem; height: 2rem;\" loading=\"lazy\" src=\"https:\/\/moddroid-reborn.demos.web.id\/wp-content\/themes\/moddroid\/assets\/img\/icon\/self-defense-150x150.png\" alt=\"Strategy\">\r\n\t\t\t\t\t\t\t\t<span class=\"text-truncate text-body\" style=\"min-width: 0;\">\r\n\t\t\t\t\t\t\t\t\tStrategy\r\n\t\t\t\t\t\t\t\t<\/span>\r\n\t\t\t\t\t\t\t<\/a>\r\n\t\t\t\t\t\t<\/div>\r\n\t\t\t\t\t\t<div class=\"col-6 mb-3\">\r\n\t\t\t\t\t\t\t<a class=\"d-flex align-items-center position-relative aside-cat\" href=\"#put_your_links_here\" title=\"Survival\">\r\n\t\t\t\t\t\t\t\t<img class=\"rounded-circle flex-shrink-0 mr-2\" style=\"font-size: 0; width: 2rem; height: 2rem;\" loading=\"lazy\" src=\"https:\/\/moddroid-reborn.demos.web.id\/wp-content\/themes\/moddroid\/assets\/img\/icon\/parachute-150x150.png\" alt=\"Survival\">\r\n\t\t\t<span class=\"text-truncate text-body\" style=\"min-width: 0;\">\r\n\t\t\tSurvival\r\n\t\t\t<\/span>\r\n\t\t\t<\/a>\r\n\t\t\t<\/div>\r\n\t\t\t<\/div>\r\n\t\t\t<\/section>\r\n\r\n\r\n\t\t\t","aktif_categorie_sidebar_2":"0","categorie_sidebar_2":"<section class=\"mb-2\">\r\n\t\t\t\t\t<h4 class=\"h5 font-weight-semibold mb-3\">\r\n\t\t\t\t\t\t<a class=\"text-body border-bottom-2 border-secondary d-inline-block pb-1\" href=\"#put_your_links_here\">\r\n\t\t\t\t\t\t\tApps\r\n\t\t\t\t\t\t<\/a>\r\n\t\t\t\t\t<\/h4>\r\n\t\t\t\t\t<div class=\"row\">\r\n\t\t\t\t\t\t<div class=\"col-6 mb-3\">\r\n\t\t\t\t\t\t\t<a class=\"d-flex align-items-center position-relative aside-cat\" href=\"#put_your_links_here\" title=\"Art &amp; Design\">\r\n\t\t\t\t\t\t\t\t<img class=\"rounded-circle flex-shrink-0 mr-2\" style=\"font-size: 0; width: 2rem; height: 2rem;\" loading=\"lazy\" src=\"https:\/\/moddroid-reborn.demos.web.id\/wp-content\/themes\/moddroid\/assets\/img\/icon\/paint-150x150.png\" alt=\"Art &amp; Design\">\r\n\t\t\t\t\t\t\t\t<span class=\"text-truncate text-body\" style=\"min-width: 0;\">\r\n\t\t\t\t\t\t\t\t\tArt &amp; Design\r\n\t\t\t\t\t\t\t\t<\/span>\r\n\t\t\t\t\t\t\t<\/a>\r\n\t\t\t\t\t\t<\/div>\r\n\t\t\t\t\t\t<div class=\"col-6 mb-3\">\r\n\t\t\t\t\t\t\t<a class=\"d-flex align-items-center position-relative aside-cat\" href=\"#put_your_links_here\" title=\"Auto &amp; Vehicles\">\r\n\t\t\t\t\t\t\t\t<img class=\"rounded-circle flex-shrink-0 mr-2\" style=\"font-size: 0; width: 2rem; height: 2rem;\" loading=\"lazy\" src=\"https:\/\/moddroid-reborn.demos.web.id\/wp-content\/themes\/moddroid\/assets\/img\/icon\/baby-car-150x150.png\" alt=\"Auto &amp; Vehicles\">\r\n\t\t\t\t\t\t\t\t<span class=\"text-truncate text-body\" style=\"min-width: 0;\">\r\n\t\t\t\t\t\t\t\t\tAuto &amp; Vehicles\r\n\t\t\t\t\t\t\t\t<\/span>\r\n\t\t\t\t\t\t\t<\/a>\r\n\t\t\t\t\t\t<\/div>\r\n\t\t\t\t\t\t<div class=\"col-6 mb-3\">\r\n\t\t\t\t\t\t\t<a class=\"d-flex align-items-center position-relative aside-cat\" href=\"#put_your_links_here\" title=\"Books &amp; Reference\">\r\n\t\t\t\t\t\t\t\t<img class=\"rounded-circle flex-shrink-0 mr-2\" style=\"font-size: 0; width: 2rem; height: 2rem;\" loading=\"lazy\" src=\"https:\/\/moddroid-reborn.demos.web.id\/wp-content\/themes\/moddroid\/assets\/img\/icon\/book.png\" alt=\"Books &amp; Reference\">\r\n\t\t\t\t\t\t\t\t<span class=\"text-truncate text-body\" style=\"min-width: 0;\">\r\n\t\t\t\t\t\t\t\t\tBooks &amp; Reference\r\n\t\t\t\t\t\t\t\t<\/span>\r\n\t\t\t\t\t\t\t<\/a>\r\n\t\t\t\t\t\t<\/div>\r\n\t\t\t\t\t\t<div class=\"col-6 mb-3\">\r\n\t\t\t\t\t\t\t<a class=\"d-flex align-items-center position-relative aside-cat\" href=\"#put_your_links_here\" title=\"Business\">\r\n\t\t\t\t\t\t\t\t<img class=\"rounded-circle flex-shrink-0 mr-2\" style=\"font-size: 0; width: 2rem; height: 2rem;\" loading=\"lazy\" src=\"https:\/\/moddroid-reborn.demos.web.id\/wp-content\/themes\/moddroid\/assets\/img\/icon\/business.png\" alt=\"Business\">\r\n\t\t\t\t\t\t\t\t<span class=\"text-truncate text-body\" style=\"min-width: 0;\">\r\n\t\t\t\t\t\t\t\t\tBusiness\r\n\t\t\t\t\t\t\t\t<\/span>\r\n\t\t\t\t\t\t\t<\/a>\r\n\t\t\t\t\t\t<\/div>\r\n\t\t\t\t\t\t<div class=\"col-6 mb-3\">\r\n\t\t\t\t\t\t\t<a class=\"d-flex align-items-center position-relative aside-cat\" href=\"#put_your_links_here\" title=\"Communication\">\r\n\t\t\t\t\t\t\t\t<img class=\"rounded-circle flex-shrink-0 mr-2\" style=\"font-size: 0; width: 2rem; height: 2rem;\" loading=\"lazy\" src=\"https:\/\/moddroid-reborn.demos.web.id\/wp-content\/themes\/moddroid\/assets\/img\/icon\/communication-.png\" alt=\"Communication\">\r\n\t\t\t\t\t\t\t\t<span class=\"text-truncate text-body\" style=\"min-width: 0;\">\r\n\t\t\t\t\t\t\t\t\tCommunication\r\n\t\t\t\t\t\t\t\t<\/span>\r\n\t\t\t\t\t\t\t<\/a>\r\n\t\t\t\t\t\t<\/div>\r\n\t\t\t\t\t\t<div class=\"col-6 mb-3\">\r\n\t\t\t\t\t\t\t<a class=\"d-flex align-items-center position-relative aside-cat\" href=\"#put_your_links_here\" title=\"Education\">\r\n\t\t\t\t\t\t\t\t<img class=\"rounded-circle flex-shrink-0 mr-2\" style=\"font-size: 0; width: 2rem; height: 2rem;\" loading=\"lazy\" src=\"https:\/\/moddroid-reborn.demos.web.id\/wp-content\/themes\/moddroid\/assets\/img\/icon\/edu.png\" alt=\"Education\">\r\n\t\t\t\t\t\t\t\t<span class=\"text-truncate text-body\" style=\"min-width: 0;\">\r\n\t\t\t\t\t\t\t\t\tEducation\r\n\t\t\t\t\t\t\t\t<\/span>\r\n\t\t\t\t\t\t\t<\/a>\r\n\t\t\t\t\t\t<\/div>\r\n\t\t\t\t\t\t<div class=\"col-6 mb-3\">\r\n\t\t\t\t\t\t\t<a class=\"d-flex align-items-center position-relative aside-cat\" href=\"#put_your_links_here\" title=\"Emulator\">\r\n\t\t\t\t\t\t\t\t<img class=\"rounded-circle flex-shrink-0 mr-2\" style=\"font-size: 0; width: 2rem; height: 2rem;\" loading=\"lazy\" src=\"https:\/\/moddroid-reborn.demos.web.id\/wp-content\/themes\/moddroid\/assets\/img\/icon\/joystick-150x150.png\" alt=\"Emulator\">\r\n\t\t\t\t\t\t\t\t<span class=\"text-truncate text-body\" style=\"min-width: 0;\">\r\n\t\t\t\t\t\t\t\t\tEmulator\r\n\t\t\t\t\t\t\t\t<\/span>\r\n\t\t\t\t\t\t\t<\/a>\r\n\t\t\t\t\t\t<\/div>\r\n\t\t\t\t\t\t<div class=\"col-6 mb-3\">\r\n\t\t\t\t\t\t\t<a class=\"d-flex align-items-center position-relative aside-cat\" href=\"#put_your_links_here\" title=\"Entertainment\">\r\n\t\t\t\t\t\t\t\t<img class=\"rounded-circle flex-shrink-0 mr-2\" style=\"font-size: 0; width: 2rem; height: 2rem;\" loading=\"lazy\" src=\"https:\/\/moddroid-reborn.demos.web.id\/wp-content\/themes\/moddroid\/assets\/img\/icon\/cat_40.png\" alt=\"Entertainment\">\r\n\t\t\t\t\t\t\t\t<span class=\"text-truncate text-body\" style=\"min-width: 0;\">\r\n\t\t\t\t\t\t\t\t\tEntertainment\r\n\t\t\t\t\t\t\t\t<\/span>\r\n\t\t\t\t\t\t\t<\/a>\r\n\t\t\t\t\t\t<\/div>\r\n\t\t\t\t\t\t<div class=\"col-6 mb-3\">\r\n\t\t\t\t\t\t\t<a class=\"d-flex align-items-center position-relative aside-cat\" href=\"#put_your_links_here\" title=\"Health\">\r\n\t\t\t\t\t\t\t\t<img class=\"rounded-circle flex-shrink-0 mr-2\" style=\"font-size: 0; width: 2rem; height: 2rem;\" loading=\"lazy\" src=\"https:\/\/moddroid-reborn.demos.web.id\/wp-content\/themes\/moddroid\/assets\/img\/icon\/cat_50.png\" alt=\"Health\">\r\n\t\t\t\t\t\t\t\t<span class=\"text-truncate text-body\" style=\"min-width: 0;\">\r\n\t\t\t\t\t\t\t\t\tHealth\r\n\t\t\t\t\t\t\t\t<\/span>\r\n\t\t\t\t\t\t\t<\/a>\r\n\t\t\t\t\t\t<\/div>\r\n\t\t\t\t\t\t<div class=\"col-6 mb-3\">\r\n\t\t\t\t\t\t\t<a class=\"d-flex align-items-center position-relative aside-cat\" href=\"#put_your_links_here\" title=\"Lifestyle\">\r\n\t\t\t\t\t\t\t\t<img class=\"rounded-circle flex-shrink-0 mr-2\" style=\"font-size: 0; width: 2rem; height: 2rem;\" loading=\"lazy\" src=\"https:\/\/moddroid-reborn.demos.web.id\/wp-content\/themes\/moddroid\/assets\/img\/icon\/life.png\" alt=\"Lifestyle\">\r\n\t\t\t\t\t\t\t\t<span class=\"text-truncate text-body\" style=\"min-width: 0;\">\r\n\t\t\t\t\t\t\t\t\tLifestyle\r\n\t\t\t\t\t\t\t\t<\/span>\r\n\t\t\t\t\t\t\t<\/a>\r\n\t\t\t\t\t\t<\/div>\r\n\t\t\t\t\t\t<div class=\"col-6 mb-3\">\r\n\t\t\t\t\t\t\t<a class=\"d-flex align-items-center position-relative aside-cat\" href=\"#put_your_links_here\" title=\"Maps &amp; Navigation\">\r\n\t\t\t\t\t\t\t\t<img class=\"rounded-circle flex-shrink-0 mr-2\" style=\"font-size: 0; width: 2rem; height: 2rem;\" loading=\"lazy\" src=\"https:\/\/moddroid-reborn.demos.web.id\/wp-content\/themes\/moddroid\/assets\/img\/icon\/map.png\" alt=\"Maps &amp; Navigation\">\r\n\t\t\t\t\t\t\t\t<span class=\"text-truncate text-body\" style=\"min-width: 0;\">\r\n\t\t\t\t\t\t\t\t\tMaps &amp; Navigation\r\n\t\t\t\t\t\t\t\t<\/span>\r\n\t\t\t\t\t\t\t<\/a>\r\n\t\t\t\t\t\t<\/div>\r\n\t\t\t\t\t\t<div class=\"col-6 mb-3\">\r\n\t\t\t\t\t\t\t<a class=\"d-flex align-items-center position-relative aside-cat\" href=\"#put_your_links_here\" title=\"Music - Audio\">\r\n\t\t\t\t\t\t\t\t<img class=\"rounded-circle flex-shrink-0 mr-2\" style=\"font-size: 0; width: 2rem; height: 2rem;\" loading=\"lazy\" src=\"https:\/\/moddroid-reborn.demos.web.id\/wp-content\/themes\/moddroid\/assets\/img\/icon\/music.png\" alt=\"Music - Audio\">\r\n\t\t\t\t\t\t\t\t<span class=\"text-truncate text-body\" style=\"min-width: 0;\">\r\n\t\t\t\t\t\t\t\t\tMusic - Audio\r\n\t\t\t\t\t\t\t\t<\/span>\r\n\t\t\t\t\t\t\t<\/a>\r\n\t\t\t\t\t\t<\/div>\r\n\t\t\t\t\t\t<div class=\"col-6 mb-3\">\r\n\t\t\t\t\t\t\t<a class=\"d-flex align-items-center position-relative aside-cat\" href=\"#put_your_links_here\" title=\"News &amp; Magazines\">\r\n\t\t\t\t\t\t\t\t<img class=\"rounded-circle flex-shrink-0 mr-2\" style=\"font-size: 0; width: 2rem; height: 2rem;\" loading=\"lazy\" src=\"https:\/\/moddroid-reborn.demos.web.id\/wp-content\/themes\/moddroid\/assets\/img\/icon\/news.png\" alt=\"News &amp; Magazines\">\r\n\t\t\t\t\t\t\t\t<span class=\"text-truncate text-body\" style=\"min-width: 0;\">\r\n\t\t\t\t\t\t\t\t\tNews &amp; Magazines\r\n\t\t\t\t\t\t\t\t<\/span>\r\n\t\t\t\t\t\t\t<\/a>\r\n\t\t\t\t\t\t<\/div>\r\n\t\t\t\t\t\t<div class=\"col-6 mb-3\">\r\n\t\t\t\t\t\t\t<a class=\"d-flex align-items-center position-relative aside-cat\" href=\"#put_your_links_here\" title=\"Personalization\">\r\n\t\t\t\t\t\t\t\t<img class=\"rounded-circle flex-shrink-0 mr-2\" style=\"font-size: 0; width: 2rem; height: 2rem;\" loading=\"lazy\" src=\"https:\/\/moddroid-reborn.demos.web.id\/wp-content\/themes\/moddroid\/assets\/img\/icon\/cat_25.png\" alt=\"Personalization\">\r\n\t\t\t\t\t\t\t\t<span class=\"text-truncate text-body\" style=\"min-width: 0;\">\r\n\t\t\t\t\t\t\t\t\tPersonalization\r\n\t\t\t\t\t\t\t\t<\/span>\r\n\t\t\t\t\t\t\t<\/a>\r\n\t\t\t\t\t\t<\/div>\r\n\t\t\t\t\t\t<div class=\"col-6 mb-3\">\r\n\t\t\t\t\t\t\t<a class=\"d-flex align-items-center position-relative aside-cat\" href=\"#put_your_links_here\" title=\"Photography\">\r\n\t\t\t\t\t\t\t\t<img class=\"rounded-circle flex-shrink-0 mr-2\" style=\"font-size: 0; width: 2rem; height: 2rem;\" loading=\"lazy\" src=\"https:\/\/moddroid-reborn.demos.web.id\/wp-content\/themes\/moddroid\/assets\/img\/icon\/photo.png\" alt=\"Photography\">\r\n\t\t\t\t\t\t\t\t<span class=\"text-truncate text-body\" style=\"min-width: 0;\">\r\n\t\t\t\t\t\t\t\t\tPhotography\r\n\t\t\t\t\t\t\t\t<\/span>\r\n\t\t\t\t\t\t\t<\/a>\r\n\t\t\t\t\t\t<\/div>\r\n\t\t\t\t\t\t<div class=\"col-6 mb-3\">\r\n\t\t\t\t\t\t\t<a class=\"d-flex align-items-center position-relative aside-cat\" href=\"#put_your_links_here\" title=\"Productivity\">\r\n\t\t\t\t\t\t\t\t<img class=\"rounded-circle flex-shrink-0 mr-2\" style=\"font-size: 0; width: 2rem; height: 2rem;\" loading=\"lazy\" src=\"https:\/\/moddroid-reborn.demos.web.id\/wp-content\/themes\/moddroid\/assets\/img\/icon\/productivity.png\" alt=\"Productivity\">\r\n\t\t\t\t\t\t\t\t<span class=\"text-truncate text-body\" style=\"min-width: 0;\">\r\n\t\t\t\t\t\t\t\t\tProductivity\r\n\t\t\t\t\t\t\t\t<\/span>\r\n\t\t\t\t\t\t\t<\/a>\r\n\t\t\t\t\t\t<\/div>\r\n\t\t\t\t\t\t<div class=\"col-6 mb-3\">\r\n\t\t\t\t\t\t\t<a class=\"d-flex align-items-center position-relative aside-cat\" href=\"#put_your_links_here\" title=\"Social\">\r\n\t\t\t\t\t\t\t\t<img class=\"rounded-circle flex-shrink-0 mr-2\" style=\"font-size: 0; width: 2rem; height: 2rem;\" loading=\"lazy\" src=\"https:\/\/moddroid-reborn.demos.web.id\/wp-content\/themes\/moddroid\/assets\/img\/icon\/fb.png\" alt=\"Social\">\r\n\t\t\t\t\t\t\t\t<span class=\"text-truncate text-body\" style=\"min-width: 0;\">\r\n\t\t\t\t\t\t\t\t\tSocial\r\n\t\t\t\t\t\t\t\t<\/span>\r\n\t\t\t\t\t\t\t<\/a>\r\n\t\t\t\t\t\t<\/div>\r\n\t\t\t\t\t\t<div class=\"col-6 mb-3\">\r\n\t\t\t\t\t\t\t<a class=\"d-flex align-items-center position-relative aside-cat\" href=\"#put_your_links_here\" title=\"System\">\r\n\t\t\t\t\t\t\t\t<img class=\"rounded-circle flex-shrink-0 mr-2\" style=\"font-size: 0; width: 2rem; height: 2rem;\" loading=\"lazy\" src=\"https:\/\/moddroid-reborn.demos.web.id\/wp-content\/themes\/moddroid\/assets\/img\/icon\/gear-1-150x150.png\" alt=\"System\">\r\n\t\t\t\t\t\t\t\t<span class=\"text-truncate text-body\" style=\"min-width: 0;\">\r\n\t\t\t\t\t\t\t\t\tSystem\r\n\t\t\t\t\t\t\t\t<\/span>\r\n\t\t\t\t\t\t\t<\/a>\r\n\t\t\t\t\t\t<\/div>\r\n\t\t\t\t\t\t<div class=\"col-6 mb-3\">\r\n\t\t\t\t\t\t\t<a class=\"d-flex align-items-center position-relative aside-cat\" href=\"#put_your_links_here\" title=\"Tools\">\r\n\t\t\t\t\t\t\t\t<img class=\"rounded-circle flex-shrink-0 mr-2\" style=\"font-size: 0; width: 2rem; height: 2rem;\" loading=\"lazy\" src=\"https:\/\/moddroid-reborn.demos.web.id\/wp-content\/themes\/moddroid\/assets\/img\/icon\/gear-150x150.png\" alt=\"Tools\">\r\n\t\t\t\t\t\t\t\t<span class=\"text-truncate text-body\" style=\"min-width: 0;\">\r\n\t\t\t\t\t\t\t\t\tTools\r\n\t\t\t\t\t\t\t\t<\/span>\r\n\t\t\t\t\t\t\t<\/a>\r\n\t\t\t\t\t\t<\/div>\r\n\t\t\t\t\t\t<div class=\"col-6 mb-3\">\r\n\t\t\t\t\t\t\t<a class=\"d-flex align-items-center position-relative aside-cat\" href=\"#put_your_links_here\" title=\"Travel &amp; Local\">\r\n\t\t\t\t\t\t\t\t<img class=\"rounded-circle flex-shrink-0 mr-2\" style=\"font-size: 0; width: 2rem; height: 2rem;\" loading=\"lazy\" src=\"https:\/\/moddroid-reborn.demos.web.id\/wp-content\/themes\/moddroid\/assets\/img\/icon\/coin.png\" alt=\"Travel &amp; Local\">\r\n\t\t\t\t\t\t\t\t<span class=\"text-truncate text-body\" style=\"min-width: 0;\">\r\n\t\t\t\t\t\t\t\t\tTravel &amp; Local\r\n\t\t\t\t\t\t\t\t<\/span>\r\n\t\t\t\t\t\t\t<\/a>\r\n\t\t\t\t\t\t<\/div>\r\n\t\t\t\t\t\t<div class=\"col-6 mb-3\">\r\n\t\t\t\t\t\t\t<a class=\"d-flex align-items-center position-relative aside-cat\" href=\"#put_your_links_here\" title=\"Video Players &amp; Editors\">\r\n\t\t\t\t\t\t\t\t<img class=\"rounded-circle flex-shrink-0 mr-2\" style=\"font-size: 0; width: 2rem; height: 2rem;\" loading=\"lazy\" src=\"https:\/\/moddroid-reborn.demos.web.id\/wp-content\/themes\/moddroid\/assets\/img\/icon\/video.png\" alt=\"Video Players &amp; Editors\">\r\n\t\t\t\t\t\t\t\t<span class=\"text-truncate text-body\" style=\"min-width: 0;\">\r\n\t\t\t\t\t\t\t\t\tVideo Players &amp; Editors\r\n\t\t\t\t\t\t\t\t<\/span>\r\n\t\t\t\t\t\t\t<\/a>\r\n\t\t\t\t\t\t<\/div>\r\n\t\t\t\t\t\t<div class=\"col-6 mb-3\">\r\n\t\t\t\t\t\t\t<a class=\"d-flex align-items-center position-relative aside-cat\" href=\"#put_your_links_here\" title=\"Weather\">\r\n\t\t\t\t\t\t\t\t<img class=\"rounded-circle flex-shrink-0 mr-2\" style=\"font-size: 0; width: 2rem; height: 2rem;\" loading=\"lazy\" src=\"https:\/\/moddroid-reborn.demos.web.id\/wp-content\/themes\/moddroid\/assets\/img\/icon\/weather.png\" alt=\"Weather\">\r\n\t\t\t<span class=\"text-truncate text-body\" style=\"min-width: 0;\">\r\n\t\t\tWeather\r\n\t\t\t<\/span>\r\n\t\t\t<\/a>\r\n\t\t\t<\/div>\r\n\t\t\t<\/div>\r\n\t\t\t<\/section>\r\n\r\n\t\t\t","download_waits_timers_":"10","activate_download_pages":"1","activate_download_original_playstore":"0","activate_download_faqs":"0","title_faq_1_":"What is APK Installer?","faq_1_":"This is an installer developed exclusively by <strong><em>https:\/\/moddroid-reborn.demos.web.id<\/em> <\/strong>. We attach the Cache, OBB file to the single APK file, which helps users to install it quickly and easily.","title_faq_2_":"The download link is broken!","faq_2_":"<em>Since we use caching and the server has special sync functionality, sometimes some newly posted games will have broken links for a few minutes. You can try again in about 5-15 minutes. If after a long time the download link still fails, this is definitely a mistake in the editor\u2019s link import process (possibly because he is sleepy)<\/em>","title_faq_3_":"MOD Not Working","faq_3_":"<em>We always do thorough testing before posting games and apps. Please read carefully before the instructions that include \u201cMOD Info?\u201d \u201cImportant!\u201d in the content. If it still doesn\u2019t work, report it back to us<\/em>","title_faq_4_":"What is OBB? How to install?","faq_4_":"<em>OBB is like the game\u2019s DLC, you just need to unzip it to the \u201cAndroid \/ obb\u201d folder in the memory. The game will work properly. We rarely post an OBB, however, as it is already integrated into the INSTALLER APK as we mentioned earlier.<\/em>\r\n\r\n<em><strong>How to install game have APK and OBB<\/strong><\/em>\r\n\r\n<em>1. Download apk and OBB of the game<\/em>\r\n<em>2. Extract the OBB, copy the OBB folder to the \u201cAndroid\/obb\u201d path. A correct OBB path would look like \u201cAndroid\/obb\/com.madfingergames.legends\u201d<\/em>\r\n<em>3. Install APK file and run<\/em>","title_faq_5_":"Error \"App not installed\"","faq_5_":"<em>This usually happens when you already have the original version or version downloaded on another website on your device. To fix it, please delete the app or game (remember to backup data if necessary), then reinstall our apk file<\/em>","activate_download_notices":"0","notice_download_pages":"<ul>\r\n \t<li>Please check our installation guide.<\/li>\r\n \t<li>To check the CPU and GPU of Android device, please use <em><a href=\"https:\/\/play.google.com\/store\/apps\/details?id=com.cpuid.cpu_z&amp;hl=en\">CPU-Z<\/a><\/em> app<\/li>\r\n<\/ul>","ex_themes_banner_header_activate_":"0","ex_themes_banner_header_code_":"<div class=\"ads-here\"><i class=\"ads-img\"><\/i><i class=\"ads-content\"><\/i><i class=\"ads-button\"><\/i><\/div>","ex_themes_banner_sidebar_ads_activate_":"0","ex_themes_banner_sidebar_ads_code_":"<div class=\"ads-here\"><i class=\"ads-img\"><\/i><i class=\"ads-content\"><\/i><i class=\"ads-button\"><\/i><\/div>","ex_themes_banner_single_ads_activate_":"0","ex_themes_banner_single_ads_code_":"<div class=\"ads-here\"><i class=\"ads-img\"><\/i><i class=\"ads-content\"><\/i><i class=\"ads-button\"><\/i><\/div>","ex_themes_banner_single_ads_activate_2":"0","ex_themes_banner_single_ads_code_2":"<div class=\"ads-here\"><i class=\"ads-img\"><\/i><i class=\"ads-content\"><\/i><i class=\"ads-button\"><\/i><\/div>","ex_themes_banner_single_download_page_active_":"0","ex_themes_banner_single_download_page_code_":"<div class=\"ads-here\"><i class=\"ads-img\"><\/i><i class=\"ads-content\"><\/i><i class=\"ads-button\"><\/i><\/div>","ex_themes_banner_single_download_page_active__2":"0","ex_themes_banner_single_download_page_code__2":"<img src=\"https:\/\/moddroid-reborn.demos.web.id\/wp-content\/themes\/moddroid\/assets\/img\/ads1.png\" height=\"auto\" width=\"100%\">","aktif_webmaster":"0","google_verif":"AvKGNc41mcT7TmHke8nHR5U99NHLk2-eJw_j6PyQq94","bing_verif":"BC97A518A2B909C0B1A76AD695E9A665","pinterest_verif":"put your code","yandex_verif":"bb0b65aedc95ce07","baidu_verif":"put your code","telegram_activate":"0","telegram_usernames":"exthemes_helps","telegram_url":"https:\/\/t.me\/exthemes_helps","telegram_users_join":"Join ","telegram_users_on_telegram_channel":"on Telegram channel ","aktif_sosmed_sidebar":"","facebook_urls":"https:\/\/www.facebook.com\/groups\/exthem.es","twitter_urls":"https:\/\/twitter.com\/bangreyblog","youtube_urls":"https:\/\/www.youtube.com\/channel\/UCpcZNXk6ySLtwRSBN6fVyLA?sub_confirmation=1","instagram_urls":"https:\/\/www.instagram.com\/exthem.es\/","aktif_header_section":"0","header_section":"","aktif_footer_section":"0","footer_section":"","ex_themes_minify_activate_":"0","aktif_thumbnails":"0","ex_themes_cdn_photon_activate_":"0","ex_themes_mask_link_":"0","ex_themes_nolink_activate_":"0","activate_no_links_":"0","ex_themes_activate_ratings_":"1","ex_themes_no_loading_lazy":"0","mdr_no_bar_admin":"1","mdr_no_jquery":"0","ex_themes_activate_rtl_":"0","languange_rtl":"ar","font_body_rtl":"'Droid Arabic Naskh', sans-serif","font_body_custom_fonts_rtl":"https:\/\/fontlibrary.org\/\/face\/droid-arabic-kufi","number_1":"\u06f1","number_2":"\u06f2","number_3":"\u06f3","number_4":"\u06f4","number_5":"\u06f5","number_6":"\u06f6","number_7":"\u06f7","number_8":"\u06f8","number_9":"\u06f9","number_0":"\u06f0","rtl_homes":"\u062e\u0627\u0646\u0647","noindex_activated":"0","noindex_setting":"noindex,follow","ex_themes_activate_seo_":"0","ex_themes_activate_seox":"0","ex_themes_home_style_2_activate_":"0","color_background":"#F0F2F5","mdr_style_3":"1","mdr_text_get":"Get","cats_search":"1","limit_cats_search":"2","title_home":"Latest Updates","exthemes_Search":"Search","exthemes_Searchresults":"Search results for:","exthemes_File_not_founds":"File not founds or File has been remove","exthemes_News":"News","exthemes_Useful_Sections":"Useful Sections","exthemes_About_Us":"About Us","exthemes_toc":"Explore this article","exthemes_NameAPK":"Name","exthemes_PublisherAPK":"Publisher","exthemes_GenreAPK":"Genre","exthemes_SizeAPK":"Size","exthemes_VersionAPK":"Version","exthemes_UpdateAPK":"Update","exthemes_MODAPK":"MOD","exthemes_GPSAPK":"Get it On","exthemes_Whats_NewAPK":"What's New","exthemes_whats_mods":"What's Mod: ","exthemes_apk_info_1":"Read","exthemes_apk_info_2":"views","exthemes_download_thanks":"Thank you for downloading","exthemes_download_site":"from our site. The following are available links. Just press the button and the file will be automatically downloaded","exthemes_download_faqs":"Download FAQs","exthemes_download_times_notice_1":"Your link is almost ready, please wait a","exthemes_download_times_notice_2":"seconds","exthemes_download_times_notice_3":"If the download doesnt start in a few seconds","exthemes_download_times_notice_4":"click here","exthemes_download_times_notice_5":"You are downloading","exthemes_download_times_notice_6":"You are now ready to download","exthemes_download_times_notice_7":"for free. Here are some notes:","exthemes_download_original_apk":"Download Original APK","exthemes_Download":"Download","exthemes_Comments":"Comments","exthemes_comments_2":"Send Comment","exthemes_comments_3":"Name","exthemes_comments_4":"Email","exthemes_comments_5":"Leave me a Comments","text_latest_update":"Last updated on","text_post_on":"Post on","text_edit_post":"edit me","text_homes":"Home","text_gotop":"UP","text_closed":"Close","text_clear":"Clear","text_search_suggest":"Search Suggest","text_newest":"Newest","text_oldest":"Oldest","redux-backup":1}